Customer_ID,Customer_Name,Customer_Phone,Customer_Email,Customer_Address
1077,Customer 989,-10559,customer.989.99@example.com,"843 Second St, Phoenix, USA"
1027,Customer 682,-6897,customer.682.66@demo.com,"153 Main St, Phoenix, USA"
1052,Customer 484,-10454,customer.484.3@sample.com,"264 Second St, New York, USA"
1074,Customer 483,-4913,customer.483.31@example.com,"629 Third St, Los Angeles, USA"
1061,Customer 757,-5788,customer.757.80@demo.com,"598 Main St, Los Angeles, USA"
1040,Customer 459,-6987,customer.459.35@demo.com,"526 Third St, Phoenix, USA"
1076,Customer 417,-3774,customer.417.51@example.com,"755 Park Ave, Phoenix, USA"
1097,Customer 367,-9697,customer.367.34@sample.com,"507 Main St, Houston, USA"
1070,Customer 233,-10136,customer.233.76@sample.com,"671 Second St, New York, USA"
1021,Customer 770,-9583,customer.770.4@example.com,"886 Third St, New York, USA"
1036,Customer 387,-7012,customer.387.11@sample.com,"606 Fourth St, Los Angeles, USA"
1099,Customer 641,-3304,customer.641.70@demo.com,"250 Park Ave, Phoenix, USA"
1020,Customer 278,-4565,customer.278.41@demo.com,"640 Fourth St, Los Angeles, USA"
1096,Customer 649,-5982,customer.649.29@demo.com,"670 Fourth St, Los Angeles, USA"
1018,Customer 871,-8243,customer.871.19@sample.com,"185 Third St, New York, USA"
1025,Customer 744,-9010,customer.744.48@sample.com,"27 Main St, Phoenix, USA"
1006,Customer 375,-9462,customer.375.58@sample.com,"215 Main St, Houston, USA"
1054,Customer 717,-10060,customer.717.83@sample.com,"784 Second St, Los Angeles, USA"
1070,Customer 228,-10165,customer.228.51@example.com,"238 Third St, New York, USA"
1007,Customer 612,-4022,customer.612.65@sample.com,"529 Second St, Houston, USA"
1070,Customer 234,-10809,customer.234.55@demo.com,"522 Third St, Los Angeles, USA"
1092,Customer 50,-9749,customer.50.82@example.com,"917 Main St, New York, USA"
1085,Customer 8,-9708,customer.8.54@example.com,"599 Fourth St, Los Angeles, USA"
1082,Customer 804,-8618,customer.804.74@demo.com,"358 Park Ave, Los Angeles, USA"
1048,Customer 875,-3117,customer.875.23@example.com,"470 Main St, Phoenix, USA"
1011,Customer 336,-8458,customer.336.80@sample.com,"37 Third St, Phoenix, USA"
1026,Customer 54,-6098,customer.54.13@demo.com,"804 Park Ave, Houston, USA"
1099,Customer 169,-4283,customer.169.50@sample.com,"87 Third St, New York, USA"
1059,Customer 801,-5904,customer.801.8@sample.com,"642 Main St, New York, USA"
1093,Customer 853,-4357,customer.853.89@example.com,"88 Park Ave, Chicago, USA"
1018,Customer 211,-2529,customer.211.80@sample.com,"946 Third St, Phoenix, USA"
1038,Customer 493,-4334,customer.493.68@demo.com,"815 Second St, Phoenix, USA"
1005,Customer 916,-2868,customer.916.33@example.com,"657 Main St, Phoenix, USA"
1052,Customer 88,-7766,customer.88.83@sample.com,"495 Park Ave, Chicago, USA"
1059,Customer 885,-3097,customer.885.69@example.com,"69 Third St, Phoenix, USA"
1011,Customer 462,-6632,customer.462.3@demo.com,"975 Second St, New York, USA"
1040,Customer 301,-3726,customer.301.25@sample.com,"795 Second St, Chicago, USA"
1061,Customer 528,-9498,customer.528.24@example.com,"995 Park Ave, Phoenix, USA"
1016,Customer 787,-8272,customer.787.40@demo.com,"524 Fourth St, Los Angeles, USA"
1047,Customer 762,-7255,customer.762.21@demo.com,"451 Main St, Los Angeles, USA"
1023,Customer 614,-5303,customer.614.58@sample.com,"542 Third St, Chicago, USA"
1041,Customer 460,-10914,customer.460.60@demo.com,"930 Main St, Phoenix, USA"
1063,Customer 10,-8819,customer.10.74@demo.com,"443 Fourth St, Phoenix, USA"
1086,Customer 525,-2866,customer.525.44@demo.com,"371 Park Ave, Los Angeles, USA"
1003,Customer 245,-6774,customer.245.88@sample.com,"880 Third St, Los Angeles, USA"
1026,Customer 346,-8848,customer.346.24@example.com,"4 Fourth St, Phoenix, USA"
1051,Customer 378,-6738,customer.378.54@sample.com,"666 Park Ave, Houston, USA"
1078,Customer 458,-7159,customer.458.57@sample.com,"906 Second St, New York, USA"
1025,Customer 831,-4810,customer.831.50@sample.com,"599 Second St, New York, USA"
1020,Customer 626,-2747,customer.626.19@demo.com,"522 Second St, Chicago, USA"
1024,Customer 311,-6597,customer.311.1@example.com,"691 Fourth St, Phoenix, USA"
1011,Customer 627,-6679,customer.627.71@sample.com,"370 Fourth St, Chicago, USA"
1033,Customer 724,-4432,customer.724.84@demo.com,"754 Fourth St, Los Angeles, USA"
1004,Customer 45,-10279,customer.45.38@example.com,"50 Fourth St, New York, USA"
1035,Customer 327,-4578,customer.327.14@sample.com,"62 Third St, Los Angeles, USA"
1039,Customer 890,-2248,customer.890.24@sample.com,"873 Fourth St, New York, USA"
1070,Customer 509,-10429,customer.509.65@demo.com,"133 Third St, Los Angeles, USA"
1073,Customer 735,-8085,customer.735.66@sample.com,"457 Second St, Chicago, USA"
1031,Customer 684,-5227,customer.684.14@example.com,"423 Main St, New York, USA"
1062,Customer 730,-10213,customer.730.7@sample.com,"389 Main St, Chicago, USA"
1088,Customer 931,-4089,customer.931.35@demo.com,"344 Main St, Phoenix, USA"
1088,Customer 882,-5620,customer.882.42@demo.com,"687 Main St, Los Angeles, USA"
1092,Customer 591,-5447,customer.591.72@example.com,"474 Second St, Chicago, USA"
1004,Customer 122,-10915,customer.122.83@demo.com,"678 Fourth St, Phoenix, USA"
1060,Customer 620,-10191,customer.620.14@demo.com,"519 Second St, Los Angeles, USA"
1072,Customer 354,-5500,customer.354.91@demo.com,"266 Third St, New York, USA"
1092,Customer 697,-6406,customer.697.81@demo.com,"54 Main St, New York, USA"
1093,Customer 829,-4441,customer.829.83@demo.com,"400 Third St, Chicago, USA"
1027,Customer 128,-2263,customer.128.97@example.com,"886 Main St, Los Angeles, USA"
1017,Customer 789,-7290,customer.789.68@demo.com,"304 Fourth St, Los Angeles, USA"
1085,Customer 70,-9251,customer.70.20@example.com,"241 Fourth St, New York, USA"
1082,Customer 777,-3545,customer.777.78@example.com,"868 Fourth St, Houston, USA"
1072,Customer 379,-8116,customer.379.32@sample.com,"535 Second St, Phoenix, USA"
1081,Customer 976,-3101,customer.976.95@example.com,"784 Third St, Phoenix, USA"
1012,Customer 884,-8123,customer.884.69@example.com,"634 Main St, Los Angeles, USA"
1036,Customer 706,-7282,customer.706.58@sample.com,"277 Second St, Los Angeles, USA"
1085,Customer 38,-8658,customer.38.10@demo.com,"596 Park Ave, Los Angeles, USA"
1021,Customer 135,-7775,customer.135.23@example.com,"692 Park Ave, Los Angeles, USA"
1034,Customer 107,-9845,customer.107.42@sample.com,"186 Second St, Chicago, USA"
1006,Customer 23,-4657,customer.23.93@demo.com,"864 Park Ave, Houston, USA"
1063,Customer 527,-8928,customer.527.6@example.com,"267 Park Ave, Houston, USA"
1051,Customer 704,-8032,customer.704.43@example.com,"272 Main St, Phoenix, USA"
1070,Customer 968,-5146,customer.968.14@sample.com,"178 Second St, Houston, USA"
1065,Customer 876,-6318,customer.876.41@demo.com,"738 Fourth St, New York, USA"
1078,Customer 179,-3389,customer.179.3@demo.com,"263 Main St, Houston, USA"
1049,Customer 543,-7241,customer.543.18@demo.com,"368 Park Ave, Phoenix, USA"
1007,Customer 377,-3212,customer.377.49@demo.com,"214 Second St, Houston, USA"
1087,Customer 584,-7912,customer.584.76@example.com,"862 Park Ave, Houston, USA"
1021,Customer 478,-6456,customer.478.69@example.com,"6 Fourth St, Houston, USA"
1038,Customer 962,-3077,customer.962.97@demo.com,"977 Park Ave, Houston, USA"
1004,Customer 235,-10767,customer.235.73@demo.com,"819 Fourth St, Chicago, USA"
1045,Customer 693,-5907,customer.693.24@sample.com,"420 Third St, Houston, USA"
1090,Customer 966,-3711,customer.966.54@example.com,"257 Park Ave, New York, USA"
1068,Customer 883,-2680,customer.883.68@demo.com,"539 Third St, Phoenix, USA"
1030,Customer 842,-3910,customer.842.13@demo.com,"490 Main St, New York, USA"
1006,Customer 108,-3059,customer.108.9@sample.com,"640 Third St, New York, USA"
1052,Customer 901,-6760,customer.901.6@sample.com,"628 Fourth St, Phoenix, USA"
1044,Customer 754,-9588,customer.754.48@example.com,"791 Park Ave, Phoenix, USA"
1098,Customer 949,-8130,customer.949.67@demo.com,"258 Third St, Chicago, USA"
1086,Customer 793,-10828,customer.793.71@demo.com,"201 Third St, Houston, USA"
1028,Customer 973,-6539,customer.973.8@example.com,"959 Second St, Phoenix, USA"
1087,Customer 648,-7496,customer.648.5@sample.com,"849 Third St, Los Angeles, USA"
1055,Customer 564,-5810,customer.564.64@sample.com,"255 Fourth St, New York, USA"
1005,Customer 956,-10715,customer.956.10@demo.com,"241 Third St, Houston, USA"
1034,Customer 674,-7374,customer.674.23@example.com,"701 Fourth St, Phoenix, USA"
1087,Customer 679,-2423,customer.679.83@sample.com,"981 Second St, New York, USA"
1053,Customer 690,-9187,customer.690.52@example.com,"557 Third St, Chicago, USA"
1043,Customer 742,-4751,customer.742.67@sample.com,"764 Fourth St, Phoenix, USA"
1057,Customer 855,-10267,customer.855.97@demo.com,"589 Third St, Chicago, USA"
1072,Customer 433,-4614,customer.433.25@demo.com,"33 Park Ave, Phoenix, USA"
1090,Customer 147,-4953,customer.147.83@sample.com,"574 Park Ave, Phoenix, USA"
1084,Customer 303,-5182,customer.303.36@example.com,"856 Fourth St, Phoenix, USA"
1040,Customer 216,-7942,customer.216.83@example.com,"964 Main St, Phoenix, USA"
1010,Customer 858,-11366,customer.858.35@demo.com,"546 Main St, Phoenix, USA"
1047,Customer 479,-10113,customer.479.89@demo.com,"954 Main St, New York, USA"
1005,Customer 28,-4357,customer.28.62@sample.com,"774 Third St, New York, USA"
1076,Customer 325,-7402,customer.325.39@sample.com,"114 Park Ave, Los Angeles, USA"
1082,Customer 137,-5563,customer.137.8@example.com,"438 Main St, Los Angeles, USA"
1021,Customer 232,-6226,customer.232.56@sample.com,"409 Fourth St, Houston, USA"
1049,Customer 6,-6711,customer.6.28@sample.com,"825 Main St, Chicago, USA"
1040,Customer 995,-6672,customer.995.63@sample.com,"527 Park Ave, New York, USA"
1059,Customer 13,-1960,customer.13.62@sample.com,"588 Park Ave, Chicago, USA"
1099,Customer 326,-5796,customer.326.26@example.com,"224 Third St, Houston, USA"
1029,Customer 708,-8614,customer.708.69@demo.com,"900 Third St, New York, USA"
1047,Customer 415,-3310,customer.415.29@sample.com,"208 Second St, New York, USA"
1074,Customer 568,-7885,customer.568.12@example.com,"203 Second St, Chicago, USA"
1050,Customer 576,-8990,customer.576.61@demo.com,"910 Park Ave, Chicago, USA"
1079,Customer 171,-2284,customer.171.51@sample.com,"22 Second St, Los Angeles, USA"
1014,Customer 652,-9931,customer.652.52@demo.com,"760 Fourth St, Houston, USA"
1099,Customer 19,-5936,customer.19.47@example.com,"847 Main St, Los Angeles, USA"
1042,Customer 350,-4935,customer.350.94@demo.com,"356 Main St, Phoenix, USA"
1053,Customer 639,-9379,customer.639.75@demo.com,"118 Fourth St, Los Angeles, USA"
1086,Customer 396,-6484,customer.396.30@example.com,"46 Main St, Los Angeles, USA"
1023,Customer 463,-9063,customer.463.45@demo.com,"633 Third St, Los Angeles, USA"
1025,Customer 948,-7688,customer.948.34@example.com,"183 Park Ave, Phoenix, USA"
1048,Customer 965,-7463,customer.965.71@example.com,"257 Fourth St, Los Angeles, USA"
1006,Customer 220,-3552,customer.220.63@example.com,"810 Main St, Houston, USA"
1036,Customer 713,-3012,customer.713.7@example.com,"642 Second St, Los Angeles, USA"
1053,Customer 109,-6301,customer.109.78@sample.com,"202 Park Ave, Chicago, USA"
1033,Customer 229,-6970,customer.229.43@example.com,"901 Fourth St, Houston, USA"
1046,Customer 893,-5018,customer.893.55@sample.com,"168 Park Ave, Houston, USA"
1054,Customer 504,-3680,customer.504.85@example.com,"3 Second St, Houston, USA"
1057,Customer 581,-10492,customer.581.92@sample.com,"518 Second St, Phoenix, USA"
1008,Customer 215,-6374,customer.215.56@sample.com,"358 Park Ave, Houston, USA"
1097,Customer 401,-9090,customer.401.35@example.com,"104 Main St, Chicago, USA"
1014,Customer 337,-9760,customer.337.72@demo.com,"645 Park Ave, Phoenix, USA"
1055,Customer 719,-7582,customer.719.39@demo.com,"324 Third St, Houston, USA"
1072,Customer 775,-7231,customer.775.52@sample.com,"937 Second St, New York, USA"
1037,Customer 676,-7451,customer.676.57@demo.com,"272 Third St, Houston, USA"
1072,Customer 452,-5349,customer.452.30@example.com,"744 Fourth St, New York, USA"
1079,Customer 953,-8022,customer.953.74@demo.com,"163 Third St, New York, USA"
1011,Customer 941,-9824,customer.941.23@example.com,"335 Fourth St, New York, USA"
1098,Customer 663,-10638,customer.663.16@example.com,"856 Third St, Chicago, USA"
1049,Customer 921,-4857,customer.921.36@demo.com,"468 Second St, Chicago, USA"
1066,Customer 368,-3666,customer.368.61@sample.com,"121 Third St, Los Angeles, USA"
1032,Customer 598,-5704,customer.598.64@sample.com,"257 Fourth St, New York, USA"
1087,Customer 535,-3024,customer.535.89@demo.com,"644 Second St, New York, USA"
1066,Customer 110,-5644,customer.110.71@sample.com,"259 Fourth St, New York, USA"
1075,Customer 113,-6741,customer.113.46@demo.com,"306 Park Ave, Houston, USA"
1056,Customer 984,-3610,customer.984.93@example.com,"224 Third St, Phoenix, USA"
1017,Customer 500,-11265,customer.500.53@example.com,"725 Main St, New York, USA"
1026,Customer 660,-9476,customer.660.69@sample.com,"867 Park Ave, Chicago, USA"
1015,Customer 477,-11047,customer.477.91@example.com,"525 Main St, Houston, USA"
1038,Customer 359,-3955,customer.359.38@example.com,"82 Main St, Phoenix, USA"
1009,Customer 482,-3434,customer.482.18@example.com,"201 Fourth St, Phoenix, USA"
1015,Customer 880,-9422,customer.880.82@demo.com,"647 Fourth St, New York, USA"
1004,Customer 828,-2176,customer.828.53@sample.com,"878 Second St, Phoenix, USA"
1006,Customer 432,-5951,customer.432.31@sample.com,"522 Third St, Phoenix, USA"
1003,Customer 290,-9617,customer.290.72@sample.com,"904 Third St, Los Angeles, USA"
1085,Customer 792,-9001,customer.792.79@sample.com,"511 Fourth St, New York, USA"
1063,Customer 514,-6354,customer.514.7@demo.com,"703 Second St, Houston, USA"
1091,Customer 499,-10330,customer.499.44@demo.com,"550 Main St, Phoenix, USA"
1091,Customer 988,-10052,customer.988.45@demo.com,"68 Fourth St, Los Angeles, USA"
1092,Customer 24,-3259,customer.24.67@demo.com,"883 Fourth St, Los Angeles, USA"
1085,Customer 604,-2153,customer.604.9@example.com,"679 Fourth St, Los Angeles, USA"
1030,Customer 93,-5835,customer.93.51@sample.com,"676 Fourth St, Chicago, USA"
1091,Customer 84,-10763,customer.84.88@example.com,"631 Second St, New York, USA"
1044,Customer 640,-4356,customer.640.44@sample.com,"175 Third St, New York, USA"
1045,Customer 544,-10681,customer.544.77@demo.com,"26 Third St, New York, USA"
1057,Customer 911,-7455,customer.911.85@demo.com,"92 Third St, New York, USA"
1098,Customer 18,-10431,customer.18.64@demo.com,"381 Fourth St, New York, USA"
1089,Customer 194,-4425,customer.194.90@example.com,"910 Main St, Phoenix, USA"
1016,Customer 856,-4973,customer.856.1@demo.com,"78 Second St, Houston, USA"
1055,Customer 607,-9074,customer.607.74@sample.com,"399 Fourth St, Houston, USA"
1045,Customer 817,-9346,customer.817.64@example.com,"31 Main St, Houston, USA"
1066,Customer 252,-6858,customer.252.99@example.com,"891 Park Ave, Houston, USA"
1059,Customer 714,-7027,customer.714.96@example.com,"151 Fourth St, Chicago, USA"
1067,Customer 582,-2718,customer.582.87@example.com,"774 Main St, Phoenix, USA"
1050,Customer 320,-5487,customer.320.79@example.com,"201 Park Ave, Houston, USA"
1092,Customer 254,-5907,customer.254.45@example.com,"302 Fourth St, Houston, USA"
1096,Customer 595,-4740,customer.595.31@example.com,"948 Second St, Houston, USA"
1098,Customer 80,-3583,customer.80.86@sample.com,"947 Third St, Los Angeles, USA"
1025,Customer 874,-10385,customer.874.49@sample.com,"888 Fourth St, Chicago, USA"
1083,Customer 727,-2673,customer.727.69@example.com,"607 Main St, Phoenix, USA"
1018,Customer 845,-7794,customer.845.86@example.com,"597 Second St, Houston, USA"
1009,Customer 308,-10744,customer.308.17@demo.com,"833 Park Ave, Phoenix, USA"
1018,Customer 189,-4186,customer.189.38@demo.com,"746 Main St, Phoenix, USA"
1095,Customer 27,-9896,customer.27.83@example.com,"685 Third St, Los Angeles, USA"
1022,Customer 231,-2675,customer.231.48@example.com,"193 Third St, Los Angeles, USA"
1094,Customer 806,-7392,customer.806.80@sample.com,"58 Third St, Phoenix, USA"
1011,Customer 895,-8858,customer.895.42@example.com,"560 Second St, Chicago, USA"
1038,Customer 89,-10128,customer.89.47@demo.com,"616 Park Ave, Chicago, USA"
1081,Customer 771,-9763,customer.771.15@demo.com,"828 Fourth St, Houston, USA"
1062,Customer 539,-2719,customer.539.92@demo.com,"300 Park Ave, Chicago, USA"
1041,Customer 219,-3662,customer.219.4@demo.com,"228 Fourth St, Chicago, USA"
1007,Customer 610,-7957,customer.610.66@demo.com,"130 Fourth St, Phoenix, USA"
1019,Customer 134,-8922,customer.134.38@example.com,"193 Main St, Phoenix, USA"
1005,Customer 450,-4087,customer.450.72@demo.com,"57 Main St, Chicago, USA"
1044,Customer 748,-11048,customer.748.54@example.com,"909 Third St, Houston, USA"
1086,Customer 213,-2891,customer.213.15@demo.com,"781 Third St, Los Angeles, USA"
1023,Customer 790,-9669,customer.790.30@example.com,"52 Fourth St, Los Angeles, USA"
1058,Customer 982,-10560,customer.982.1@example.com,"899 Main St, Los Angeles, USA"
1023,Customer 68,-3532,customer.68.42@sample.com,"36 Second St, New York, USA"
1071,Customer 520,-1753,customer.520.4@example.com,"535 Fourth St, New York, USA"
1005,Customer 62,-6026,customer.62.27@example.com,"208 Park Ave, New York, USA"
1089,Customer 351,-8097,customer.351.17@example.com,"557 Third St, Houston, USA"
1025,Customer 955,-7345,customer.955.85@example.com,"115 Third St, Phoenix, USA"
1059,Customer 227,-3282,customer.227.81@demo.com,"264 Third St, Los Angeles, USA"
1012,Customer 279,-4656,customer.279.27@example.com,"79 Second St, New York, USA"
1079,Customer 257,-3044,customer.257.12@demo.com,"299 Second St, Chicago, USA"
1004,Customer 659,-2239,customer.659.39@sample.com,"766 Fourth St, Los Angeles, USA"
1091,Customer 497,-8048,customer.497.85@demo.com,"806 Third St, Houston, USA"
1090,Customer 282,-8172,customer.282.66@demo.com,"50 Second St, Los Angeles, USA"
1002,Customer 628,-3509,customer.628.63@sample.com,"524 Fourth St, Chicago, USA"
1088,Customer 960,-6429,customer.960.35@sample.com,"479 Second St, Los Angeles, USA"
1094,Customer 534,-5030,customer.534.71@example.com,"908 Park Ave, New York, USA"
1059,Customer 502,-3962,customer.502.13@demo.com,"462 Second St, Los Angeles, USA"
1046,Customer 148,-6816,customer.148.40@example.com,"255 Park Ave, Phoenix, USA"
1074,Customer 759,-3554,customer.759.30@sample.com,"490 Main St, Phoenix, USA"
1054,Customer 603,-5380,customer.603.15@demo.com,"86 Park Ave, Houston, USA"
1066,Customer 263,-2858,customer.263.13@example.com,"79 Park Ave, Phoenix, USA"
1057,Customer 65,-7775,customer.65.41@sample.com,"625 Fourth St, Chicago, USA"
1056,Customer 185,-10750,customer.185.22@sample.com,"264 Third St, New York, USA"
1017,Customer 738,-7227,customer.738.5@demo.com,"242 Second St, Phoenix, USA"
1087,Customer 920,-3588,customer.920.14@sample.com,"212 Second St, Los Angeles, USA"
1040,Customer 711,-5807,customer.711.88@example.com,"762 Third St, Chicago, USA"
1081,Customer 25,-7940,customer.25.25@sample.com,"483 Second St, Phoenix, USA"
1060,Customer 319,-2131,customer.319.98@sample.com,"723 Second St, Phoenix, USA"
1089,Customer 778,-8085,customer.778.56@example.com,"393 Park Ave, Houston, USA"
1063,Customer 473,-7350,customer.473.25@demo.com,"779 Second St, Phoenix, USA"
1011,Customer 7,-10867,customer.7.8@example.com,"158 Park Ave, Houston, USA"
1001,Customer 20,-6707,customer.20.44@example.com,"536 Fourth St, Houston, USA"
1072,Customer 904,-7583,customer.904.8@demo.com,"705 Main St, Los Angeles, USA"
1082,Customer 833,-2907,customer.833.69@example.com,"648 Third St, Los Angeles, USA"
1063,Customer 86,-6777,customer.86.34@sample.com,"825 Main St, Chicago, USA"
1038,Customer 190,-5333,customer.190.33@sample.com,"310 Fourth St, New York, USA"
1050,Customer 79,-9454,customer.79.26@demo.com,"490 Park Ave, Los Angeles, USA"
1089,Customer 349,-4368,customer.349.36@sample.com,"262 Park Ave, Phoenix, USA"
1037,Customer 33,-8439,customer.33.53@example.com,"737 Park Ave, Phoenix, USA"
1039,Customer 355,-9828,customer.355.85@sample.com,"219 Park Ave, Chicago, USA"
1001,Customer 531,-3432,customer.531.64@demo.com,"482 Third St, Houston, USA"
1074,Customer 645,-2847,customer.645.88@demo.com,"272 Third St, Chicago, USA"
1042,Customer 743,-7583,customer.743.59@sample.com,"684 Park Ave, Phoenix, USA"
1095,Customer 421,-5511,customer.421.73@example.com,"712 Second St, Los Angeles, USA"
1001,Customer 551,-3652,customer.551.57@sample.com,"674 Third St, New York, USA"
1026,Customer 695,-10481,customer.695.76@demo.com,"542 Second St, Chicago, USA"
1097,Customer 590,-5267,customer.590.86@demo.com,"288 Park Ave, Los Angeles, USA"
1026,Customer 165,-8850,customer.165.68@example.com,"276 Park Ave, Chicago, USA"
1099,Customer 848,-10467,customer.848.68@example.com,"645 Fourth St, Chicago, USA"
1053,Customer 705,-5803,customer.705.7@sample.com,"863 Park Ave, Chicago, USA"
1065,Customer 47,-9094,customer.47.40@sample.com,"162 Park Ave, Chicago, USA"
1038,Customer 402,-9544,customer.402.52@sample.com,"978 Second St, Chicago, USA"
1094,Customer 864,-6259,customer.864.62@sample.com,"156 Fourth St, Los Angeles, USA"
1027,Customer 392,-5972,customer.392.5@sample.com,"543 Second St, Phoenix, USA"
1011,Customer 429,-3303,customer.429.39@sample.com,"896 Third St, New York, USA"
1009,Customer 952,-10316,customer.952.93@example.com,"154 Fourth St, Houston, USA"
1079,Customer 796,-3039,customer.796.97@example.com,"629 Fourth St, Phoenix, USA"
1048,Customer 608,-5804,customer.608.33@demo.com,"774 Fourth St, Houston, USA"
1068,Customer 395,-5545,customer.395.73@example.com,"500 Main St, Chicago, USA"
1049,Customer 512,-7635,customer.512.41@example.com,"360 Fourth St, New York, USA"
1029,Customer 383,-8343,customer.383.37@sample.com,"177 Park Ave, Phoenix, USA"
1050,Customer 131,-4547,customer.131.73@demo.com,"936 Main St, Houston, USA"
1066,Customer 554,-10782,customer.554.99@sample.com,"447 Fourth St, Los Angeles, USA"
1098,Customer 638,-3212,customer.638.20@example.com,"914 Fourth St, New York, USA"
1047,Customer 172,-8074,customer.172.12@example.com,"326 Park Ave, New York, USA"
1084,Customer 276,-2279,customer.276.83@sample.com,"726 Third St, Houston, USA"
1055,Customer 573,-4623,customer.573.60@example.com,"949 Main St, Phoenix, USA"
1087,Customer 802,-7496,customer.802.78@example.com,"243 Main St, New York, USA"
1029,Customer 457,-10233,customer.457.22@demo.com,"954 Third St, Chicago, USA"
1029,Customer 414,-7693,customer.414.12@example.com,"910 Second St, New York, USA"
1045,Customer 269,-4704,customer.269.20@example.com,"569 Fourth St, Chicago, USA"
1080,Customer 773,-6145,customer.773.92@sample.com,"826 Park Ave, Los Angeles, USA"
1014,Customer 175,-6892,customer.175.78@example.com,"555 Park Ave, New York, USA"
1020,Customer 726,-9978,customer.726.22@example.com,"406 Main St, Los Angeles, USA"
1045,Customer 43,-1741,customer.43.87@example.com,"950 Second St, New York, USA"
1043,Customer 888,-5479,customer.888.97@sample.com,"182 Main St, Houston, USA"
1086,Customer 680,-11587,customer.680.99@example.com,"535 Third St, Chicago, USA"
1041,Customer 913,-8065,customer.913.32@example.com,"599 Second St, New York, USA"
1011,Customer 287,-2409,customer.287.4@sample.com,"991 Main St, Houston, USA"
1015,Customer 780,-5522,customer.780.30@demo.com,"947 Second St, Chicago, USA"
1027,Customer 14,-2243,customer.14.25@demo.com,"884 Third St, New York, USA"
1100,Customer 212,-8769,customer.212.43@example.com,"739 Park Ave, Houston, USA"
1047,Customer 919,-8386,customer.919.55@demo.com,"862 Third St, Chicago, USA"
1033,Customer 2,-3812,customer.2.58@sample.com,"592 Park Ave, Los Angeles, USA"
1090,Customer 467,-7147,customer.467.64@example.com,"495 Third St, Chicago, USA"
1017,Customer 101,-6967,customer.101.87@sample.com,"175 Fourth St, Phoenix, USA"
1077,Customer 972,-10966,customer.972.89@sample.com,"483 Second St, Chicago, USA"
1069,Customer 26,-4830,customer.26.40@demo.com,"233 Park Ave, Phoenix, USA"
1069,Customer 974,-5750,customer.974.69@demo.com,"363 Park Ave, Chicago, USA"
1038,Customer 312,-9351,customer.312.14@sample.com,"525 Fourth St, Phoenix, USA"
1098,Customer 818,-10604,customer.818.16@demo.com,"660 Third St, Los Angeles, USA"
1091,Customer 686,-4961,customer.686.71@demo.com,"355 Second St, Houston, USA"
1018,Customer 550,-4824,customer.550.6@demo.com,"110 Park Ave, New York, USA"
1038,Customer 285,-5685,customer.285.59@demo.com,"327 Third St, Los Angeles, USA"
1069,Customer 106,-3749,customer.106.38@example.com,"231 Fourth St, New York, USA"
1098,Customer 986,-9863,customer.986.8@demo.com,"608 Third St, Los Angeles, USA"
1088,Customer 105,-3865,customer.105.1@example.com,"258 Third St, Los Angeles, USA"
1050,Customer 58,-7204,customer.58.72@demo.com,"809 Main St, Phoenix, USA"
1057,Customer 683,-9153,customer.683.52@sample.com,"348 Third St, Los Angeles, USA"
1001,Customer 328,-6057,customer.328.74@example.com,"524 Second St, Houston, USA"
1063,Customer 559,-10028,customer.559.99@example.com,"458 Main St, Los Angeles, USA"
1081,Customer 644,-9819,customer.644.74@demo.com,"571 Park Ave, Houston, USA"
1077,Customer 975,-11053,customer.975.18@demo.com,"17 Main St, Chicago, USA"
1086,Customer 461,-11107,customer.461.60@demo.com,"96 Third St, Los Angeles, USA"
1024,Customer 249,-7398,customer.249.49@demo.com,"255 Second St, Chicago, USA"
1085,Customer 615,-8391,customer.615.66@example.com,"572 Park Ave, Chicago, USA"
1099,Customer 934,-2747,customer.934.88@sample.com,"246 Third St, Chicago, USA"
1001,Customer 144,-10469,customer.144.56@demo.com,"700 Second St, Chicago, USA"
1032,Customer 540,-8553,customer.540.8@sample.com,"407 Second St, Los Angeles, USA"
1061,Customer 741,-7747,customer.741.16@example.com,"98 Fourth St, New York, USA"
1017,Customer 811,-2179,customer.811.77@sample.com,"615 Third St, Houston, USA"
1038,Customer 75,-6742,customer.75.69@demo.com,"742 Main St, Chicago, USA"
1008,Customer 266,-10030,customer.266.44@sample.com,"111 Park Ave, Chicago, USA"
1065,Customer 580,-7835,customer.580.32@demo.com,"329 Second St, Chicago, USA"
1006,Customer 991,-9712,customer.991.68@sample.com,"534 Fourth St, Chicago, USA"
1074,Customer 400,-5608,customer.400.71@example.com,"77 Second St, Los Angeles, USA"
1094,Customer 259,-2481,customer.259.90@demo.com,"617 Fourth St, New York, USA"
1003,Customer 914,-5899,customer.914.33@demo.com,"285 Third St, Los Angeles, USA"
1086,Customer 12,-4218,customer.12.93@example.com,"195 Main St, New York, USA"
1051,Customer 268,-9631,customer.268.3@sample.com,"227 Second St, New York, USA"
1096,Customer 979,-11331,customer.979.90@sample.com,"593 Park Ave, New York, USA"
1014,Customer 868,-9487,customer.868.86@example.com,"884 Fourth St, Los Angeles, USA"
1062,Customer 239,-6664,customer.239.57@sample.com,"266 Park Ave, Chicago, USA"
1068,Customer 274,-10345,customer.274.78@sample.com,"638 Main St, Los Angeles, USA"
1056,Customer 942,-7302,customer.942.90@sample.com,"218 Park Ave, Houston, USA"
1013,Customer 300,-4719,customer.300.10@demo.com,"214 Second St, New York, USA"
1019,Customer 616,-7899,customer.616.39@sample.com,"360 Park Ave, Houston, USA"
1048,Customer 1000,-9400,customer.1000.7@demo.com,"443 Second St, Los Angeles, USA"
1010,Customer 786,-4058,customer.786.43@sample.com,"974 Main St, Phoenix, USA"
1063,Customer 907,-6971,customer.907.71@demo.com,"448 Main St, Houston, USA"
1019,Customer 275,-9150,customer.275.39@example.com,"280 Main St, Houston, USA"
1001,Customer 739,-3875,customer.739.97@demo.com,"188 Park Ave, Phoenix, USA"
1098,Customer 77,-4455,customer.77.86@demo.com,"876 Second St, Chicago, USA"
1054,Customer 918,-3208,customer.918.53@demo.com,"368 Fourth St, Houston, USA"
1099,Customer 839,-6267,customer.839.8@demo.com,"642 Park Ave, Los Angeles, USA"
1100,Customer 288,-7389,customer.288.76@demo.com,"698 Third St, New York, USA"
1026,Customer 733,-3469,customer.733.95@demo.com,"15 Third St, Houston, USA"
1073,Customer 736,-6280,customer.736.56@sample.com,"999 Fourth St, Chicago, USA"
1001,Customer 623,-6932,customer.623.60@sample.com,"751 Second St, Los Angeles, USA"
1029,Customer 411,-6089,customer.411.39@demo.com,"871 Third St, Chicago, USA"
1059,Customer 999,-6690,customer.999.45@sample.com,"566 Third St, Houston, USA"
1089,Customer 740,-4418,customer.740.61@example.com,"438 Main St, Houston, USA"
1094,Customer 240,-9042,customer.240.52@sample.com,"955 Third St, Phoenix, USA"
1037,Customer 342,-9223,customer.342.94@sample.com,"392 Second St, Houston, USA"
1013,Customer 832,-2439,customer.832.83@example.com,"138 Second St, Houston, USA"
1024,Customer 505,-6479,customer.505.7@example.com,"2 Fourth St, New York, USA"
1078,Customer 39,-5275,customer.39.96@example.com,"336 Main St, Houston, USA"
1034,Customer 570,-9758,customer.570.12@example.com,"596 Third St, Los Angeles, USA"
1009,Customer 323,-5272,customer.323.99@sample.com,"364 Main St, Houston, USA"
1010,Customer 297,-4075,customer.297.58@example.com,"600 Fourth St, Phoenix, USA"
1093,Customer 981,-8455,customer.981.47@demo.com,"962 Third St, Phoenix, USA"
1008,Customer 562,-4897,customer.562.95@example.com,"670 Fourth St, Los Angeles, USA"
1064,Customer 284,-4846,customer.284.42@demo.com,"335 Fourth St, New York, USA"
1029,Customer 619,-2268,customer.619.88@demo.com,"271 Third St, Houston, USA"
1095,Customer 769,-4569,customer.769.25@example.com,"302 Park Ave, New York, USA"
1009,Customer 922,-11098,customer.922.88@demo.com,"792 Third St, Los Angeles, USA"
1055,Customer 838,-10851,customer.838.17@example.com,"585 Second St, Chicago, USA"
1051,Customer 503,-3543,customer.503.11@sample.com,"211 Second St, Houston, USA"
1063,Customer 161,-7846,customer.161.83@demo.com,"309 Second St, Chicago, USA"
1026,Customer 156,-9114,customer.156.81@sample.com,"907 Main St, Houston, USA"
1087,Customer 664,-2832,customer.664.10@demo.com,"654 Second St, Phoenix, USA"
1015,Customer 827,-7331,customer.827.24@sample.com,"96 Second St, Chicago, USA"
1051,Customer 85,-9433,customer.85.48@sample.com,"878 Fourth St, Houston, USA"
1079,Customer 92,-5434,customer.92.53@demo.com,"997 Second St, Chicago, USA"
1050,Customer 293,-2538,customer.293.62@sample.com,"657 Second St, New York, USA"
1098,Customer 87,-4882,customer.87.89@sample.com,"782 Main St, Los Angeles, USA"
1098,Customer 959,-5401,customer.959.52@demo.com,"948 Second St, New York, USA"
1031,Customer 454,-11594,customer.454.16@example.com,"90 Second St, Los Angeles, USA"
1049,Customer 523,-8940,customer.523.76@demo.com,"616 Park Ave, Los Angeles, USA"
1079,Customer 264,-6048,customer.264.55@demo.com,"562 Second St, Phoenix, USA"
1042,Customer 951,-8837,customer.951.29@demo.com,"377 Second St, Chicago, USA"
1060,Customer 332,-2926,customer.332.91@sample.com,"449 Third St, Houston, USA"
1012,Customer 763,-1797,customer.763.28@sample.com,"284 Second St, Chicago, USA"
1055,Customer 824,-10460,customer.824.68@sample.com,"739 Park Ave, Phoenix, USA"
1004,Customer 121,-2869,customer.121.3@example.com,"366 Fourth St, Houston, USA"
1043,Customer 821,-8696,customer.821.69@demo.com,"712 Third St, Phoenix, USA"
1051,Customer 42,-2773,customer.42.70@demo.com,"532 Third St, Chicago, USA"
1085,Customer 681,-7511,customer.681.78@sample.com,"592 Second St, Chicago, USA"
1006,Customer 685,-7400,customer.685.74@sample.com,"953 Fourth St, Houston, USA"
1056,Customer 123,-11764,customer.123.62@demo.com,"560 Main St, Los Angeles, USA"
1040,Customer 737,-9576,customer.737.17@sample.com,"417 Third St, Houston, USA"
1051,Customer 536,-6076,customer.536.65@demo.com,"555 Third St, New York, USA"
1015,Customer 382,-8852,customer.382.32@demo.com,"293 Main St, Phoenix, USA"
1062,Customer 929,-2165,customer.929.67@demo.com,"252 Third St, Chicago, USA"
1035,Customer 926,-2537,customer.926.8@demo.com,"835 Park Ave, Phoenix, USA"
1085,Customer 696,-3155,customer.696.77@demo.com,"829 Fourth St, Houston, USA"
1005,Customer 633,-4981,customer.633.76@demo.com,"584 Second St, Los Angeles, USA"
1090,Customer 491,-3301,customer.491.41@demo.com,"971 Park Ave, Los Angeles, USA"
1007,Customer 794,-10234,customer.794.29@sample.com,"357 Fourth St, New York, USA"
1005,Customer 917,-10722,customer.917.71@sample.com,"415 Fourth St, Chicago, USA"
1082,Customer 609,-1895,customer.609.83@sample.com,"531 Third St, New York, USA"
1005,Customer 271,-8345,customer.271.56@example.com,"494 Main St, Chicago, USA"
1088,Customer 91,-3032,customer.91.77@sample.com,"481 Second St, Chicago, USA"
1088,Customer 992,-4143,customer.992.50@example.com,"912 Third St, Houston, USA"
1073,Customer 879,-4103,customer.879.98@demo.com,"197 Second St, Los Angeles, USA"
1042,Customer 380,-7121,customer.380.99@sample.com,"328 Park Ave, Houston, USA"
1019,Customer 993,-7232,customer.993.38@sample.com,"367 Main St, Los Angeles, USA"
1033,Customer 394,-8449,customer.394.7@sample.com,"415 Third St, Los Angeles, USA"
1028,Customer 517,-8560,customer.517.80@sample.com,"401 Fourth St, New York, USA"
1073,Customer 480,-8022,customer.480.19@demo.com,"12 Third St, Houston, USA"
1067,Customer 588,-9819,customer.588.58@sample.com,"744 Park Ave, Los Angeles, USA"
1025,Customer 506,-5619,customer.506.48@demo.com,"550 Fourth St, New York, USA"
1090,Customer 201,-8763,customer.201.72@demo.com,"944 Second St, Los Angeles, USA"
1071,Customer 900,-8431,customer.900.7@sample.com,"739 Park Ave, Phoenix, USA"
1098,Customer 898,-3996,customer.898.89@sample.com,"749 Second St, Chicago, USA"
1069,Customer 317,-6782,customer.317.41@example.com,"386 Second St, New York, USA"
1001,Customer 167,-6985,customer.167.97@example.com,"576 Second St, Phoenix, USA"
1005,Customer 1,-8416,customer.1.1@sample.com,"745 Main St, Los Angeles, USA"
1059,Customer 998,-1591,customer.998.87@example.com,"30 Fourth St, Houston, USA"
1028,Customer 195,-3494,customer.195.81@sample.com,"169 Second St, Chicago, USA"
1040,Customer 977,-9561,customer.977.70@example.com,"759 Fourth St, Chicago, USA"
1098,Customer 718,-5835,customer.718.34@example.com,"144 Second St, New York, USA"
1039,Customer 53,-6804,customer.53.11@example.com,"947 Second St, Houston, USA"
1096,Customer 532,-9061,customer.532.56@demo.com,"587 Main St, Los Angeles, USA"
1005,Customer 399,-6513,customer.399.84@sample.com,"105 Main St, Phoenix, USA"
1017,Customer 758,-10078,customer.758.49@sample.com,"924 Park Ave, Los Angeles, USA"
1099,Customer 808,-5126,customer.808.25@demo.com,"450 Third St, Chicago, USA"
1003,Customer 29,-8107,customer.29.54@example.com,"463 Park Ave, Houston, USA"
1013,Customer 440,-7523,customer.440.19@demo.com,"699 Fourth St, Chicago, USA"
1044,Customer 270,-3324,customer.270.75@example.com,"392 Third St, Chicago, USA"
1066,Customer 837,-8859,customer.837.21@example.com,"292 Second St, Houston, USA"
1064,Customer 333,-3822,customer.333.57@demo.com,"669 Main St, Phoenix, USA"
1088,Customer 894,-2961,customer.894.99@example.com,"190 Main St, Houston, USA"
1078,Customer 345,-7595,customer.345.90@demo.com,"988 Main St, Los Angeles, USA"
1041,Customer 487,-1986,customer.487.62@sample.com,"859 Main St, Houston, USA"
1095,Customer 250,-4256,customer.250.26@sample.com,"664 Main St, Chicago, USA"
1018,Customer 4,-8434,customer.4.99@sample.com,"383 Park Ave, Houston, USA"
